slip_id,timestamp,slip_type,n_legs,proj_slip_ev_pct,leg_num,player,league,prop,line,side,true_prob,ind_ev_pct,game_start,closing_prob,clv_pct,result,stat_actual
7A11DDEE,2026-04-06T16:24:37,Power,3,0.1921,1,Jake Rogers,MLB,Hits+Runs+RBIs,0.5,over,0.6231,0.152,2026-04-06T19:40:00.000-04:00,0.6231,0.0,miss,0.0
7A11DDEE,2026-04-06T16:24:37,Power,3,0.1921,2,Zach McKinstry,MLB,Hits,0.5,over,0.5884,0.088,2026-04-06T19:40:00.000-04:00,0.5884,0.0,hit,1.0
7A11DDEE,2026-04-06T16:24:37,Power,3,0.1921,3,Logan Gilbert,MLB,Pitcher Strikeouts,6.5,under,0.5419,0.0019,2026-04-06T20:05:00.000-04:00,0.5419,0.0,hit,5.0
C527E039,2026-04-06T17:06:33,Flex,5,0.0125,1,Victor Wembanyama,NBA,Rebs+Asts,16.5,under,0.5506,0.018,2026-04-06T20:10:00.000-04:00,0.5506,0.0,hit,6.0
C527E039,2026-04-06T17:06:33,Flex,5,0.0125,2,Stephon Castle,NBA,Rebs+Asts,13.5,under,0.5467,0.0109,2026-04-06T20:10:00.000-04:00,0.5467,0.0,miss,23.0
C527E039,2026-04-06T17:06:33,Flex,5,0.0125,3,Mikal Bridges,NBA,Rebs+Asts,6.5,over,0.5428,0.0036,2026-04-06T19:10:00.000-04:00,0.5428,0.0,hit,7.0
C527E039,2026-04-06T17:06:33,Flex,5,0.0125,4,Germán Márquez,MLB,Pitcher Strikeouts,3.5,under,0.5419,0.0019,2026-04-06T18:40:00.000-04:00,0.5419,0.0,miss,4.0
C527E039,2026-04-06T17:06:33,Flex,5,0.0125,5,Corey Seager,MLB,Hits+Runs+RBIs,1.5,over,0.5402,-0.0011,2026-04-06T20:05:00.000-04:00,0.5402,0.0,hit,4.0
08869A7A,2026-04-06T17:36:34,Flex,5,0.0278,1,Yainer Diaz,MLB,Total Bases,1.5,under,0.5735,0.0603,2026-04-06T20:40:00.000-04:00,0.5735,0.0,hit,1.0
08869A7A,2026-04-06T17:36:34,Flex,5,0.0278,2,Jeimer Candelario,MLB,Hits,0.5,over,0.5435,0.005,2026-04-06T21:38:00.000-04:00,0.5435,0.0,miss,0.0
08869A7A,2026-04-06T17:36:34,Flex,5,0.0278,3,Paolo Banchero,NBA,Rebs+Asts,12.5,over,0.5428,0.0036,2026-04-06T19:10:00.000-04:00,0.5428,0.0,miss,8.0
08869A7A,2026-04-06T17:36:34,Flex,5,0.0278,4,Jalen Johnson,NBA,Rebs+Asts,17.5,under,0.5372,-0.0067,2026-04-06T19:10:00.000-04:00,0.5372,0.0,hit,16.0
08869A7A,2026-04-06T17:36:34,Flex,5,0.0278,5,Joel Embiid,NBA,3-PT Made,1.5,under,0.5372,-0.0067,2026-04-06T20:10:00.000-04:00,0.5372,0.0,miss,2.0
86E887E9,2026-04-06T19:22:20,Power,3,0.0448,1,Yaxel Lendeborg,NCAAB,Rebounds,5.5,over,0.5884,0.088,2026-04-06T20:50:00.000-04:00,0.5884,0.0,miss,2.0
86E887E9,2026-04-06T19:22:20,Power,3,0.0448,2,Aday Mara,NCAAB,Rebounds,7.5,over,0.5452,0.008,2026-04-06T20:50:00.000-04:00,0.5452,0.0,miss,4.0
86E887E9,2026-04-06T19:22:20,Power,3,0.0448,3,Dyson Daniels,NBA,Rebs+Asts,11.5,over,0.5428,0.0036,2026-04-06T19:10:00.000-04:00,0.5428,0.0,hit,15.0
CB75C5EC,2026-04-06T19:27:25,Flex,5,0.1153,1,Walter Clayton,NBA,3-PT Made,1.5,under,0.5894,0.0898,2026-04-06T20:10:00.000-04:00,0.5894,0.0,miss,2.0
CB75C5EC,2026-04-06T19:27:25,Flex,5,0.1153,2,Jared McCann,NHL,Points,0.5,under,0.561,0.0373,2026-04-06T19:38:00.000-04:00,0.561,0.0,miss,1.0
CB75C5EC,2026-04-06T19:27:25,Flex,5,0.1153,3,De'Aaron Fox,NBA,Rebs+Asts,9.5,under,0.5595,0.0345,2026-04-06T20:10:00.000-04:00,0.5595,0.0,hit,4.0
CB75C5EC,2026-04-06T19:27:25,Flex,5,0.1153,4,De'Aaron Fox,NBA,Assists,5.5,over,0.5452,0.008,2026-04-06T20:10:00.000-04:00,0.5452,0.0,miss,4.0
CB75C5EC,2026-04-06T19:27:25,Flex,5,0.1153,5,Joel Embiid,NBA,Rebs+Asts,12.5,under,0.5428,0.0036,2026-04-06T20:10:00.000-04:00,0.5428,0.0,miss,13.0
A79B42A6,2026-04-06T19:40:18,Power,6,0.1897,1,Jake Rogers,MLB,Hits+Runs+RBIs,0.5,over,0.6178,0.1423,2026-04-06T19:40:00.000-04:00,0.6178,0.0,miss,0.0
A79B42A6,2026-04-06T19:40:18,Power,6,0.1897,2,De'Aaron Fox,NBA,Rebs+Asts,9.5,under,0.5608,0.037,2026-04-06T20:10:00.000-04:00,0.5608,0.0,hit,4.0
A79B42A6,2026-04-06T19:40:18,Power,6,0.1897,3,Joel Embiid,NBA,Rebs+Asts,12.5,under,0.5428,0.0036,2026-04-06T20:10:00.000-04:00,0.5428,0.0,miss,13.0
A79B42A6,2026-04-06T19:40:18,Power,6,0.1897,4,Jake Rogers,MLB,Hits,0.5,over,0.5452,0.008,2026-04-06T19:40:00.000-04:00,0.5452,0.0,miss,0.0
A79B42A6,2026-04-06T19:40:18,Power,6,0.1897,5,Corey Seager,MLB,Hits+Runs+RBIs,1.5,over,0.5386,-0.0042,2026-04-06T20:05:00.000-04:00,0.5386,0.0,hit,4.0
A79B42A6,2026-04-06T19:40:18,Power,6,0.1897,6,Julian Champagnie,NBA,Steals,0.5,over,0.5386,-0.0042,2026-04-06T20:10:00.000-04:00,0.5386,0.0,miss,0.0
B64544B4,2026-04-06T19:41:23,Power,5,0.4116,1,Cole Perfetti,NHL,Points,0.5,under,0.6561,0.2132,2026-04-06T19:38:00.000-04:00,0.6561,0.0,hit,0.0
B64544B4,2026-04-06T19:41:23,Power,5,0.4116,2,Brandon Montour,NHL,Shots On Goal,2.5,under,0.5899,0.0908,2026-04-06T19:38:00.000-04:00,0.5899,0.0,hit,2.0
B64544B4,2026-04-06T19:41:23,Power,5,0.4116,3,Jordan Eberle,NHL,Points,0.5,under,0.583,0.0779,2026-04-06T19:38:00.000-04:00,0.583,0.0,miss,1.0
B64544B4,2026-04-06T19:41:23,Power,5,0.4116,4,Josh Morrissey,NHL,Points,0.5,under,0.5752,0.0635,2026-04-06T19:38:00.000-04:00,0.5752,0.0,miss,2.0
B64544B4,2026-04-06T19:41:23,Power,5,0.4116,5,Kyle Connor,NHL,Assists,0.5,under,0.5438,0.0056,2026-04-06T19:38:00.000-04:00,0.5438,0.0,hit,0.0
9EA0ECD3,2026-04-06T23:55:50,Flex,5,0.092,1,Daniel Schneemann,MLB,Hits+Runs+RBIs,0.5,over,0.5709,0.0556,2026-04-07T13:10:00.000-04:00,0.5709,0.0,miss,0.0
9EA0ECD3,2026-04-06T23:55:50,Flex,5,0.092,2,Austin Hedges,MLB,Hits+Runs+RBIs,0.5,over,0.5622,0.0396,2026-04-07T13:10:00.000-04:00,0.5622,0.0,hit,2.0
9EA0ECD3,2026-04-06T23:55:50,Flex,5,0.092,3,RJ Barrett,NBA,Rebs+Asts,9.5,under,0.5548,0.0259,2026-04-07T19:40:00.000-04:00,0.5548,0.0,miss,10.0
9EA0ECD3,2026-04-06T23:55:50,Flex,5,0.092,4,Immanuel Quickley,NBA,Rebs+Asts,8.5,under,0.5511,0.0189,2026-04-07T19:40:00.000-04:00,0.5511,0.0,hit,8.0
9EA0ECD3,2026-04-06T23:55:50,Flex,5,0.092,5,Gary Payton,NBA,Points,11.5,under,0.5419,0.0019,2026-04-07T22:10:00.000-04:00,0.5419,0.0,miss,12.0
24AA8154,2026-04-07T00:00:50,Flex,5,0.092,1,Daniel Schneemann,MLB,Hits+Runs+RBIs,0.5,over,0.5709,0.0556,2026-04-07T13:10:00.000-04:00,0.5709,0.0,miss,0.0
24AA8154,2026-04-07T00:00:50,Flex,5,0.092,2,Austin Hedges,MLB,Hits+Runs+RBIs,0.5,over,0.5622,0.0396,2026-04-07T13:10:00.000-04:00,0.5622,0.0,hit,2.0
24AA8154,2026-04-07T00:00:50,Flex,5,0.092,3,RJ Barrett,NBA,Rebs+Asts,9.5,under,0.5548,0.0259,2026-04-07T19:40:00.000-04:00,0.5548,0.0,miss,10.0
24AA8154,2026-04-07T00:00:50,Flex,5,0.092,4,Immanuel Quickley,NBA,Rebs+Asts,8.5,under,0.5511,0.0189,2026-04-07T19:40:00.000-04:00,0.5511,0.0,hit,8.0
24AA8154,2026-04-07T00:00:50,Flex,5,0.092,5,Gary Payton,NBA,Points,11.5,under,0.5419,0.0019,2026-04-07T22:10:00.000-04:00,0.5419,0.0,miss,12.0
ADB555B7,2026-04-07T00:13:49,Power,6,0.1999,1,Denzel Clarke,MLB,Hits+Runs+RBIs,0.5,over,0.5884,0.088,2026-04-07T19:05:00.000-04:00,0.5884,0.0,dnp,
ADB555B7,2026-04-07T00:13:49,Power,6,0.1999,2,Jeff McNeil,MLB,Hits,0.5,over,0.5751,0.0634,2026-04-07T19:05:00.000-04:00,0.5751,0.0,hit,2.0
ADB555B7,2026-04-07T00:13:49,Power,6,0.1999,3,Lawrence Butler,MLB,Hits,0.5,over,0.5531,0.0227,2026-04-07T19:05:00.000-04:00,0.5531,0.0,dnp,
ADB555B7,2026-04-07T00:13:49,Power,6,0.1999,4,Jaime Jaquez,NBA,Rebs+Asts,7.5,under,0.5458,0.0092,2026-04-07T19:40:00.000-04:00,0.5458,0.0,miss,9.0
ADB555B7,2026-04-07T00:13:49,Power,6,0.1999,5,Bam Adebayo,NBA,Rebs+Asts,14.5,under,0.5419,0.0019,2026-04-07T19:40:00.000-04:00,0.5419,0.0,hit,12.0
ADB555B7,2026-04-07T00:13:49,Power,6,0.1999,6,Devin Carter,NBA,Assists,5.5,under,0.5419,0.0019,2026-04-07T22:10:00.000-04:00,0.5419,0.0,hit,5.0
DF27F269,2026-04-07T00:14:54,Power,6,0.354,1,Denzel Clarke,MLB,Hits+Runs+RBIs,0.5,over,0.5884,0.088,2026-04-07T19:05:00.000-04:00,0.5884,0.0,dnp,
DF27F269,2026-04-07T00:14:54,Power,6,0.354,2,Jeff McNeil,MLB,Hits,0.5,over,0.5751,0.0634,2026-04-07T19:05:00.000-04:00,0.5751,0.0,hit,2.0
DF27F269,2026-04-07T00:14:54,Power,6,0.354,3,Daniel Schneemann,MLB,Hits+Runs+RBIs,0.5,over,0.5709,0.0556,2026-04-07T13:10:00.000-04:00,0.5709,0.0,miss,0.0
DF27F269,2026-04-07T00:14:54,Power,6,0.354,4,RJ Barrett,NBA,Rebs+Asts,9.5,under,0.5635,0.0419,2026-04-07T19:40:00.000-04:00,0.5635,0.0,miss,10.0
DF27F269,2026-04-07T00:14:54,Power,6,0.354,5,Austin Hedges,MLB,Hits+Runs+RBIs,0.5,over,0.5622,0.0396,2026-04-07T13:10:00.000-04:00,0.5622,0.0,hit,2.0
DF27F269,2026-04-07T00:14:54,Power,6,0.354,6,Lawrence Butler,MLB,Hits,0.5,over,0.5531,0.0227,2026-04-07T19:05:00.000-04:00,0.5531,0.0,dnp,
9E95F833,2026-04-07T00:16:43,Power,6,0.3405,1,Denzel Clarke,MLB,Hits+Runs+RBIs,0.5,over,0.5884,0.088,2026-04-07T19:05:00.000-04:00,0.5884,0.0,dnp,
9E95F833,2026-04-07T00:16:43,Power,6,0.3405,2,Jeff McNeil,MLB,Hits,0.5,over,0.5751,0.0634,2026-04-07T19:05:00.000-04:00,0.5751,0.0,hit,2.0
9E95F833,2026-04-07T00:16:43,Power,6,0.3405,3,Daniel Schneemann,MLB,Hits+Runs+RBIs,0.5,over,0.5652,0.045,2026-04-07T13:10:00.000-04:00,0.5652,0.0,miss,0.0
9E95F833,2026-04-07T00:16:43,Power,6,0.3405,4,RJ Barrett,NBA,Rebs+Asts,9.5,under,0.5635,0.0419,2026-04-07T19:40:00.000-04:00,0.5635,0.0,miss,10.0
9E95F833,2026-04-07T00:16:43,Power,6,0.3405,5,Austin Hedges,MLB,Hits+Runs+RBIs,0.5,over,0.5622,0.0396,2026-04-07T13:10:00.000-04:00,0.5622,0.0,hit,2.0
9E95F833,2026-04-07T00:16:43,Power,6,0.3405,6,Lawrence Butler,MLB,Hits,0.5,over,0.5531,0.0227,2026-04-07T19:05:00.000-04:00,0.5531,0.0,dnp,
EF925E93,2026-04-07T00:25:42,Flex,5,0.0061,1,Immanuel Quickley,NBA,Rebs+Asts,8.5,under,0.5458,0.0092,2026-04-07T19:40:00.000-04:00,0.5458,0.0,hit,8.0
EF925E93,2026-04-07T00:25:42,Flex,5,0.0061,2,Kawhi Leonard,NBA,Rebs+Asts,10.5,under,0.5458,0.0092,2026-04-07T22:40:00.000-04:00,0.5458,0.0,hit,7.0
EF925E93,2026-04-07T00:25:42,Flex,5,0.0061,3,Draymond Green,NBA,Rebs+Asts,12.5,over,0.5419,0.0019,2026-04-07T22:10:00.000-04:00,0.5419,0.0,hit,13.0
EF925E93,2026-04-07T00:25:42,Flex,5,0.0061,4,Devin Carter,NBA,Assists,5.5,under,0.5419,0.0019,2026-04-07T22:10:00.000-04:00,0.5419,0.0,hit,5.0
EF925E93,2026-04-07T00:25:42,Flex,5,0.0061,5,LeBron James,NBA,3-PT Made,1.5,under,0.5419,0.0019,2026-04-07T22:40:00.000-04:00,0.5419,0.0,dnp,
BBDEACC8,2026-04-07T00:32:41,Power,3,0.019,1,Jaylin Williams,NBA,Assists,2.5,under,0.567,0.0484,2026-04-07T22:40:00.000-04:00,0.567,0.0,miss,3.0
BBDEACC8,2026-04-07T00:32:41,Power,3,0.019,2,Jaylin Williams,NBA,3-PT Made,1.5,under,0.5511,0.0189,2026-04-07T22:40:00.000-04:00,0.5511,0.0,hit,0.0
BBDEACC8,2026-04-07T00:32:41,Power,3,0.019,3,Joc Pederson,MLB,Hits,0.5,over,0.5435,0.005,2026-04-07T20:05:00.000-04:00,0.5435,0.0,hit,1.0
FB0DE767,2026-04-07T00:39:11,Power,6,0.5808,1,Ozzie Albies,MLB,Total Bases,1.5,under,0.6317,0.1681,2026-04-07T21:38:00.000-04:00,0.6317,0.0,miss,4.0
FB0DE767,2026-04-07T00:39:11,Power,6,0.5808,2,Aaron Judge,MLB,Total Bases,1.5,under,0.6182,0.1431,2026-04-07T19:05:00.000-04:00,0.6182,0.0,dnp,
FB0DE767,2026-04-07T00:39:11,Power,6,0.5808,3,Daniel Schneemann,MLB,Hits+Runs+RBIs,0.5,over,0.5652,0.045,2026-04-07T13:10:00.000-04:00,0.5652,0.0,miss,0.0
FB0DE767,2026-04-07T00:39:11,Power,6,0.5808,4,Eli White,MLB,Hits,0.5,over,0.5652,0.045,2026-04-07T21:38:00.000-04:00,0.5652,0.0,hit,1.0
FB0DE767,2026-04-07T00:39:11,Power,6,0.5808,5,RJ Barrett,NBA,Rebs+Asts,9.5,under,0.5635,0.0419,2026-04-07T19:40:00.000-04:00,0.5635,0.0,miss,10.0
FB0DE767,2026-04-07T00:39:11,Power,6,0.5808,6,Austin Hedges,MLB,Hits+Runs+RBIs,0.5,over,0.5622,0.0396,2026-04-07T13:10:00.000-04:00,0.5622,0.0,hit,2.0
A8E7FEAD,2026-04-07T01:42:32,Power,6,0.7855,1,Derek Hill,MLB,Hits+Runs+RBIs,0.5,over,0.6369,0.1777,2026-04-07T15:10:00.000-04:00,0.6369,0.0,hit,2.0
A8E7FEAD,2026-04-07T01:42:32,Power,6,0.7855,2,Tanner Murray,MLB,Hits+Runs+RBIs,0.5,over,0.6331,0.1706,2026-04-07T15:10:00.000-04:00,0.6331,0.0,miss,0.0
A8E7FEAD,2026-04-07T01:42:32,Power,6,0.7855,3,Munetaka Murakami,MLB,Hits,0.5,over,0.5935,0.0974,2026-04-07T15:10:00.000-04:00,0.5935,0.0,miss,0.0
A8E7FEAD,2026-04-07T01:42:32,Power,6,0.7855,4,Derek Hill,MLB,Hits,0.5,over,0.5819,0.0759,2026-04-07T15:10:00.000-04:00,0.5819,0.0,hit,1.0
A8E7FEAD,2026-04-07T01:42:32,Power,6,0.7855,5,Gary Payton,NBA,Rebounds,5.5,under,0.5717,0.0571,2026-04-07T22:10:00.000-04:00,0.5717,0.0,hit,4.0
A8E7FEAD,2026-04-07T01:42:32,Power,6,0.7855,6,Tanner Murray,MLB,Hits,0.5,over,0.5607,0.0368,2026-04-07T15:10:00.000-04:00,0.5607,0.0,miss,0.0
EE99DA6B,2026-04-07T02:46:34,Flex,6,0.0174,1,Denzel Clarke,MLB,Hits+Runs+RBIs,0.5,over,0.5592,0.034,2026-04-07T19:05:00.000-04:00,0.5592,0.0,dnp,
EE99DA6B,2026-04-07T02:46:34,Flex,6,0.0174,2,Chase Meidroth,MLB,Singles,0.5,over,0.5435,0.005,2026-04-07T15:10:00.000-04:00,0.5435,0.0,hit,2.0
EE99DA6B,2026-04-07T02:46:34,Flex,6,0.0174,3,Troy Johnston,MLB,Hits+Runs+RBIs,1.5,over,0.5435,0.005,2026-04-07T20:40:00.000-04:00,0.5435,0.0,hit,7.0
EE99DA6B,2026-04-07T02:46:34,Flex,6,0.0174,4,Ousmane Dieng,NBA,Rebs+Asts,11.5,over,0.5419,0.0019,2026-04-07T19:40:00.000-04:00,0.5419,0.0,miss,10.0
EE99DA6B,2026-04-07T02:46:34,Flex,6,0.0174,5,Quenton Jackson,NBA,Rebs+Asts,7.5,under,0.5379,-0.0054,2026-04-07T19:10:00.000-04:00,0.5379,0.0,hit,5.0
EE99DA6B,2026-04-07T02:46:34,Flex,6,0.0174,6,Donte DiVincenzo,NBA,Rebs+Asts,6.5,over,0.5379,-0.0054,2026-04-07T19:10:00.000-04:00,0.5379,0.0,hit,10.0
A97F083A,2026-04-07T09:21:29,Power,6,2.4191,1,Troy Terry,NHL,Assists,0.5,under,0.759,0.4034,2026-04-07T22:08:00.000-04:00,0.759,0.0,hit,0.0
A97F083A,2026-04-07T09:21:29,Power,6,2.4191,2,Roman Josi,NHL,Assists,0.5,under,0.7367,0.3622,2026-04-07T22:08:00.000-04:00,0.7367,0.0,miss,1.0
A97F083A,2026-04-07T09:21:29,Power,6,2.4191,3,John Carlson,NHL,Assists,0.5,under,0.6564,0.2137,2026-04-07T22:08:00.000-04:00,0.6564,0.0,hit,0.0
A97F083A,2026-04-07T09:21:29,Power,6,2.4191,4,Matthew Tkachuk,NHL,Assists,0.5,under,0.62,0.1464,2026-04-07T19:08:00.000-04:00,0.62,0.0,dnp,
A97F083A,2026-04-07T09:21:29,Power,6,2.4191,5,Leo Carlsson,NHL,Shots On Goal,2.5,under,0.6173,0.1414,2026-04-07T22:08:00.000-04:00,0.6173,0.0,hit,2.0
A97F083A,2026-04-07T09:21:29,Power,6,2.4191,6,Jonathan Marchessault,NHL,Points,0.5,under,0.6085,0.1251,2026-04-07T22:08:00.000-04:00,0.6085,0.0,hit,0.0
1B42ABEA,2026-04-07T09:22:19,Power,6,0.1235,1,Alex Killorn,NHL,Shots On Goal,1.5,under,0.5729,0.0592,2026-04-07T22:08:00.000-04:00,0.5729,0.0,miss,2.0
1B42ABEA,2026-04-07T09:22:19,Power,6,0.1235,2,Shayne Gostisbehere,NHL,Points,0.5,under,0.553,0.0224,2026-04-07T19:08:00.000-04:00,0.553,0.0,hit,0.0
1B42ABEA,2026-04-07T09:22:19,Power,6,0.1235,3,Sandy Alcantara,MLB,Walks Allowed,1.5,over,0.5492,0.0154,2026-04-07T18:40:00.000-04:00,0.5492,0.0,hit,2.0
1B42ABEA,2026-04-07T09:22:19,Power,6,0.1235,4,Gavin Williams,MLB,Earned Runs Allowed,1.5,over,0.5458,0.0092,2026-04-07T13:10:00.000-04:00,0.5458,0.0,miss,1.0
1B42ABEA,2026-04-07T09:22:19,Power,6,0.1235,5,Draymond Green,NBA,Rebs+Asts,12.5,over,0.5458,0.0092,2026-04-07T22:10:00.000-04:00,0.5458,0.0,hit,13.0
1B42ABEA,2026-04-07T09:22:19,Power,6,0.1235,6,Julius Randle,NBA,Rebs+Asts,11.5,under,0.5419,0.0019,2026-04-07T19:10:00.000-04:00,0.5419,0.0,hit,6.0
124FBE35,2026-04-07T09:42:03,Power,6,2.459,1,Troy Terry,NHL,Assists,0.5,under,0.759,0.4034,2026-04-07T22:08:00.000-04:00,0.759,0.0,hit,0.0
124FBE35,2026-04-07T09:42:03,Power,6,2.459,2,Roman Josi,NHL,Assists,0.5,under,0.7453,0.378,2026-04-07T22:08:00.000-04:00,0.7453,0.0,miss,1.0
124FBE35,2026-04-07T09:42:03,Power,6,2.459,3,John Carlson,NHL,Assists,0.5,under,0.6564,0.2137,2026-04-07T22:08:00.000-04:00,0.6564,0.0,hit,0.0
124FBE35,2026-04-07T09:42:03,Power,6,2.459,4,Matthew Tkachuk,NHL,Assists,0.5,under,0.62,0.1464,2026-04-07T19:08:00.000-04:00,0.62,0.0,dnp,
124FBE35,2026-04-07T09:42:03,Power,6,2.459,5,Leo Carlsson,NHL,Shots On Goal,2.5,under,0.6173,0.1414,2026-04-07T22:08:00.000-04:00,0.6173,0.0,hit,2.0
124FBE35,2026-04-07T09:42:03,Power,6,2.459,6,Jonathan Marchessault,NHL,Points,0.5,under,0.6085,0.1251,2026-04-07T22:08:00.000-04:00,0.6085,0.0,hit,0.0
95EF982B,2026-04-07T09:43:03,Power,6,0.6558,1,Pavel Zacha,NHL,Points,0.5,under,0.6885,0.2731,2026-04-07T19:08:00.000-04:00,0.6885,0.0,miss,2.0
95EF982B,2026-04-07T09:43:03,Power,6,0.6558,2,Brandon Miller,NBA,Steals,0.5,over,0.6331,0.1706,2026-04-07T20:10:00.000-04:00,0.6331,0.0,miss,0.0
95EF982B,2026-04-07T09:43:03,Power,6,0.6558,3,Alex Killorn,NHL,Shots On Goal,1.5,under,0.5729,0.0592,2026-04-07T22:08:00.000-04:00,0.5729,0.0,miss,2.0
95EF982B,2026-04-07T09:43:03,Power,6,0.6558,4,Shayne Gostisbehere,NHL,Points,0.5,under,0.553,0.0224,2026-04-07T19:08:00.000-04:00,0.553,0.0,hit,0.0
95EF982B,2026-04-07T09:43:03,Power,6,0.6558,5,Sandy Alcantara,MLB,Walks Allowed,1.5,over,0.5492,0.0154,2026-04-07T18:40:00.000-04:00,0.5492,0.0,hit,2.0
95EF982B,2026-04-07T09:43:03,Power,6,0.6558,6,Draymond Green,NBA,Rebs+Asts,12.5,over,0.5458,0.0092,2026-04-07T22:10:00.000-04:00,0.5458,0.0,hit,13.0
6AB633A5,2026-04-07T10:25:45,Power,6,0.0785,1,Tyler Herro,NBA,Assists,3.5,under,0.5711,0.056,2026-04-07T19:40:00.000-04:00,0.5711,0.0,miss,6.0
6AB633A5,2026-04-07T10:25:45,Power,6,0.0785,2,Mauricio Dubón,MLB,Singles,0.5,over,0.5531,0.0227,2026-04-07T21:38:00.000-04:00,0.5531,0.0,miss,0.0
6AB633A5,2026-04-07T10:25:45,Power,6,0.0785,3,Denzel Clarke,MLB,Hits+Runs+RBIs,0.5,over,0.5419,0.002,2026-04-07T19:05:00.000-04:00,0.5419,0.0,dnp,
6AB633A5,2026-04-07T10:25:45,Power,6,0.0785,4,Jarace Walker,NBA,Rebs+Asts,9.5,under,0.5419,0.0019,2026-04-07T19:10:00.000-04:00,0.5419,0.0,miss,11.0
6AB633A5,2026-04-07T10:25:45,Power,6,0.0785,5,Kawhi Leonard,NBA,Rebs+Asts,10.5,under,0.5404,-0.0009,2026-04-07T22:40:00.000-04:00,0.5404,0.0,hit,7.0
6AB633A5,2026-04-07T10:25:45,Power,6,0.0785,6,Gavin Williams,MLB,Pitcher Strikeouts,5.5,under,0.5379,-0.0054,2026-04-07T13:10:00.000-04:00,0.5379,0.0,miss,8.0
040BEC03,2026-04-07T10:35:40,Power,6,0.105,1,Collin Gillespie,NBA,Rebs+Asts,7.5,under,0.5658,0.0461,2026-04-07T23:10:00.000-04:00,0.5658,0.0,hit,1.0
040BEC03,2026-04-07T10:35:40,Power,6,0.105,2,Gavin Williams,MLB,Pitching Outs,17.5,over,0.561,0.0373,2026-04-07T13:10:00.000-04:00,0.561,0.0,miss,17.0
040BEC03,2026-04-07T10:35:40,Power,6,0.105,3,Noah Cameron,MLB,Hits Allowed,4.5,under,0.5592,0.034,2026-04-07T13:10:00.000-04:00,0.5592,0.0,miss,6.0
040BEC03,2026-04-07T10:35:40,Power,6,0.105,4,Matthew Liberatore,MLB,Pitcher Strikeouts,4.5,under,0.5379,-0.0054,2026-04-07T18:45:00.000-04:00,0.5379,0.0,miss,6.0
040BEC03,2026-04-07T10:35:40,Power,6,0.105,5,Julius Randle,NBA,Rebs+Asts,11.5,under,0.5379,-0.0054,2026-04-07T19:10:00.000-04:00,0.5379,0.0,hit,6.0
040BEC03,2026-04-07T10:35:40,Power,6,0.105,6,Quenton Jackson,NBA,Rebs+Asts,7.5,under,0.5379,-0.0054,2026-04-07T19:10:00.000-04:00,0.5379,0.0,hit,5.0
5E52676B,2026-04-07T13:13:35,Power,6,0.1738,1,Cam Schlittler,MLB,Walks Allowed,1.5,over,0.5785,0.0697,2026-04-07T19:05:00.000-04:00,0.5785,0.0,miss,0.0
5E52676B,2026-04-07T13:13:35,Power,6,0.1738,2,Jared McCann,NHL,Points,0.5,under,0.5729,0.0592,2026-04-07T20:08:00.000-04:00,0.5729,0.0,hit,0.0
5E52676B,2026-04-07T13:13:35,Power,6,0.1738,3,Freddy Peralta,MLB,Walks Allowed,2.5,under,0.5485,0.0141,2026-04-07T16:10:00.000-04:00,0.5485,0.0,miss,3.0
5E52676B,2026-04-07T13:13:35,Power,6,0.1738,4,Donte DiVincenzo,NBA,Rebs+Asts,6.5,over,0.5458,0.0092,2026-04-07T19:10:00.000-04:00,0.5458,0.0,hit,10.0
5E52676B,2026-04-07T13:13:35,Power,6,0.1738,5,Derik Queen,NBA,Rebounds,6.5,over,0.5458,0.0092,2026-04-07T20:10:00.000-04:00,0.5458,0.0,hit,12.0
5E52676B,2026-04-07T13:13:35,Power,6,0.1738,6,Christian Walker,MLB,Runs,0.5,over,0.5419,0.002,2026-04-07T20:40:00.000-04:00,0.5419,0.0,hit,1.0
965B269F,2026-04-07T14:52:41,Power,6,0.1147,1,Matt Shaw,MLB,Hits,0.5,over,0.5681,0.0504,2026-04-07T18:40:00.000-04:00,0.5681,0.0,hit,1.0
965B269F,2026-04-07T14:52:41,Power,6,0.1147,2,Richie Palacios,MLB,Hits,0.5,over,0.5681,0.0504,2026-04-07T18:40:00.000-04:00,0.5681,0.0,hit,1.0
965B269F,2026-04-07T14:52:41,Power,6,0.1147,3,Reed Sheppard,NBA,Rebs+Asts,7.5,under,0.5548,0.0259,2026-04-07T23:10:00.000-04:00,0.5548,0.0,hit,6.0
965B269F,2026-04-07T14:52:41,Power,6,0.1147,4,LaMelo Ball,NBA,Rebs+Asts,11.5,over,0.5379,-0.0054,2026-04-07T20:10:00.000-04:00,0.5379,0.0,miss,9.0
965B269F,2026-04-07T14:52:41,Power,6,0.1147,5,Moussa Diabaté,NBA,Rebounds,8.5,under,0.5379,-0.0054,2026-04-07T20:10:00.000-04:00,0.5379,0.0,hit,3.0
965B269F,2026-04-07T14:52:41,Power,6,0.1147,6,Derrick Jones,NBA,Pts+Rebs,12.5,under,0.5379,-0.0054,2026-04-07T22:40:00.000-04:00,0.5379,0.0,miss,21.0
A51A8C13,2026-04-07T17:07:46,Power,6,0.0853,1,Luke Kennard,NBA,Assists,5.5,under,0.5635,0.0419,2026-04-07T22:40:00.000-04:00,0.5635,0.0,miss,9.0
A51A8C13,2026-04-07T17:07:46,Power,6,0.0853,2,Draymond Green,NBA,Rebounds,5.5,under,0.5555,0.0271,2026-04-07T22:10:00.000-04:00,0.5555,0.0,miss,6.0
A51A8C13,2026-04-07T17:07:46,Power,6,0.0853,3,Nolan Traore,NBA,Assists,5.5,under,0.5438,0.0056,2026-04-07T19:40:00.000-04:00,0.5438,0.0,hit,2.0
A51A8C13,2026-04-07T17:07:46,Power,6,0.0853,4,Zion Williamson,NBA,Rebs+Asts,10.5,under,0.5428,0.0036,2026-04-07T20:10:00.000-04:00,0.5428,0.0,dnp,
A51A8C13,2026-04-07T17:07:46,Power,6,0.0853,5,Trent Grisham,MLB,Runs,0.5,over,0.5419,0.002,2026-04-07T19:05:00.000-04:00,0.5419,0.0,dnp,
A51A8C13,2026-04-07T17:07:46,Power,6,0.0853,6,Cooper Flagg,NBA,Rebs+Asts,12.5,over,0.5419,0.0019,2026-04-07T22:40:00.000-04:00,0.5419,0.0,miss,11.0
3D0C7BB6,2026-04-07T19:40:54,Power,6,0.1091,1,Immanuel Quickley,NBA,Rebs+Asts,8.5,under,0.5544,0.025,2026-04-07T19:40:00.000-04:00,0.5544,0.0,hit,8.0
3D0C7BB6,2026-04-07T19:40:54,Power,6,0.1091,2,Naji Marshall,NBA,Rebs+Asts,7.5,over,0.5544,0.025,2026-04-07T22:40:00.000-04:00,0.5544,0.0,miss,2.0
3D0C7BB6,2026-04-07T19:40:54,Power,6,0.1091,3,Pelle Larsson,NBA,Rebs+Asts,6.5,over,0.5506,0.018,2026-04-07T19:40:00.000-04:00,0.5506,0.0,miss,4.0
3D0C7BB6,2026-04-07T19:40:54,Power,6,0.1091,4,Draymond Green,NBA,Rebounds,5.5,under,0.5504,0.0176,2026-04-07T22:10:00.000-04:00,0.5504,0.0,miss,6.0
3D0C7BB6,2026-04-07T19:40:54,Power,6,0.1091,5,Christian Walker,MLB,Runs,0.5,over,0.5484,0.014,2026-04-07T20:40:00.000-04:00,0.5484,0.0,hit,1.0
3D0C7BB6,2026-04-07T19:40:54,Power,6,0.1091,6,Jeremiah Fears,NBA,Rebs+Asts,11.5,over,0.5428,0.0036,2026-04-07T20:10:00.000-04:00,0.5428,0.0,miss,11.0
46E16213,2026-04-07T19:56:30,Power,6,0.0881,1,Naji Marshall,NBA,Rebs+Asts,7.5,over,0.5595,0.0345,2026-04-07T22:40:00.000-04:00,0.5595,0.0,miss,2.0
46E16213,2026-04-07T19:56:30,Power,6,0.0881,2,Jeremiah Fears,NBA,Rebs+Asts,11.5,over,0.5506,0.018,2026-04-07T20:10:00.000-04:00,0.5506,0.0,miss,11.0
46E16213,2026-04-07T19:56:30,Power,6,0.0881,3,Draymond Green,NBA,Rebounds,5.5,under,0.5504,0.0176,2026-04-07T22:10:00.000-04:00,0.5504,0.0,miss,6.0
46E16213,2026-04-07T19:56:30,Power,6,0.0881,4,Christian Walker,MLB,Runs,0.5,over,0.5484,0.014,2026-04-07T20:40:00.000-04:00,0.5484,0.0,hit,1.0
46E16213,2026-04-07T19:56:30,Power,6,0.0881,5,Derik Queen,NBA,Rebounds,8.5,over,0.5446,0.007,2026-04-07T20:10:00.000-04:00,0.5446,0.0,hit,12.0
46E16213,2026-04-07T19:56:30,Power,6,0.0881,6,Derik Queen,NBA,Rebs+Asts,14.5,over,0.5372,-0.0067,2026-04-07T20:10:00.000-04:00,0.5372,0.0,hit,19.0
A18436E8,2026-04-07T23:59:35,Power,6,0.1681,1,Alec Burleson,MLB,Total Bases,1.5,under,0.5915,0.0937,2026-04-08T16:05:00.000-04:00,0.5915,0.0,miss,3.0
A18436E8,2026-04-07T23:59:35,Power,6,0.1681,2,Aaron Judge,MLB,Total Bases,1.5,under,0.5646,0.044,2026-04-08T19:05:00.000-04:00,0.5646,0.0,hit,1.0
A18436E8,2026-04-07T23:59:35,Power,6,0.1681,3,Jackson Merrill,MLB,Total Bases,1.5,under,0.553,0.0224,2026-04-08T12:35:00.000-04:00,0.553,0.0,hit,0.0
A18436E8,2026-04-07T23:59:35,Power,6,0.1681,4,Jonathan India,MLB,Hits,0.5,over,0.5435,0.005,2026-04-08T13:10:00.000-04:00,0.5435,0.0,miss,0.0
A18436E8,2026-04-07T23:59:35,Power,6,0.1681,5,Joey Cantillo,MLB,Pitcher Strikeouts,5.5,under,0.5419,0.0019,2026-04-08T13:10:00.000-04:00,0.5419,0.0,miss,9.0
A18436E8,2026-04-07T23:59:35,Power,6,0.1681,6,Jackson Merrill,MLB,Singles,0.5,over,0.5369,-0.0073,2026-04-08T12:35:00.000-04:00,0.5369,0.0,miss,0.0
BD21AF4E,2026-04-08T00:15:36,Power,6,0.2393,1,Alec Burleson,MLB,Total Bases,1.5,under,0.5915,0.0937,2026-04-08T16:05:00.000-04:00,0.5915,0.0,miss,3.0
BD21AF4E,2026-04-08T00:15:36,Power,6,0.2393,2,Aaron Judge,MLB,Total Bases,1.5,under,0.5646,0.044,2026-04-08T19:05:00.000-04:00,0.5646,0.0,hit,1.0
BD21AF4E,2026-04-08T00:15:36,Power,6,0.2393,3,David Fry,MLB,Hits+Runs+RBIs,0.5,over,0.5547,0.0256,2026-04-08T13:10:00.000-04:00,0.5547,0.0,hit,1.0
BD21AF4E,2026-04-08T00:15:36,Power,6,0.2393,4,Isaac Collins,MLB,Hits,0.5,over,0.5531,0.0227,2026-04-08T13:10:00.000-04:00,0.5531,0.0,miss,0.0
BD21AF4E,2026-04-08T00:15:36,Power,6,0.2393,5,Jackson Merrill,MLB,Total Bases,1.5,under,0.553,0.0224,2026-04-08T12:35:00.000-04:00,0.553,0.0,hit,0.0
BD21AF4E,2026-04-08T00:15:36,Power,6,0.2393,6,CJ Kayfus,MLB,Hits+Runs+RBIs,0.5,over,0.5468,0.011,2026-04-08T13:10:00.000-04:00,0.5468,0.0,hit,2.0
958401E8,2026-04-08T03:14:51,Power,6,0.1062,1,De'Aaron Fox,NBA,Assists,6.5,under,0.567,0.0484,2026-04-08T21:40:00.000-04:00,0.567,0.0,miss,7.0
958401E8,2026-04-08T03:14:51,Power,6,0.1062,2,Joe Boyle,MLB,Pitcher Strikeouts,5.5,under,0.5548,0.0259,2026-04-08T18:40:00.000-04:00,0.5548,0.0,hit,3.0
958401E8,2026-04-08T03:14:51,Power,6,0.1062,3,Jrue Holiday,NBA,Rebs+Asts,10.5,over,0.5458,0.0092,2026-04-08T21:40:00.000-04:00,0.5458,0.0,hit,16.0
958401E8,2026-04-08T03:14:51,Power,6,0.1062,4,Blaze Alexander,MLB,Hits,0.5,over,0.5452,0.008,2026-04-08T14:10:00.000-04:00,0.5452,0.0,miss,0.0
958401E8,2026-04-08T03:14:51,Power,6,0.1062,5,Kyle Kuzma,NBA,Rebounds,3.5,over,0.5452,0.008,2026-04-08T19:10:00.000-04:00,0.5452,0.0,dnp,
958401E8,2026-04-08T03:14:51,Power,6,0.1062,6,Toumani Camara,NBA,Points,15.5,under,0.5419,0.0019,2026-04-08T21:40:00.000-04:00,0.5419,0.0,miss,18.0
C0075A6D,2026-04-08T03:31:32,Power,6,0.0876,1,Jorbit Vivas,MLB,Hits,0.5,over,0.5751,0.0634,2026-04-08T16:05:00.000-04:00,0.5751,0.0,miss,0.0
C0075A6D,2026-04-08T03:31:32,Power,6,0.0876,2,Will Benson,MLB,Hits+Runs+RBIs,0.5,over,0.5484,0.014,2026-04-08T18:40:00.000-04:00,0.5484,0.0,miss,0.0
C0075A6D,2026-04-08T03:31:32,Power,6,0.0876,3,Michael Lorenzen,MLB,Earned Runs Allowed,3.5,under,0.5458,0.0092,2026-04-08T15:10:00.000-04:00,0.5458,0.0,hit,1.0
C0075A6D,2026-04-08T03:31:32,Power,6,0.0876,4,Sam Merrill,NBA,Points,10.5,under,0.5419,0.0019,2026-04-08T19:10:00.000-04:00,0.5419,0.0,hit,6.0
C0075A6D,2026-04-08T03:31:32,Power,6,0.0876,5,De'Aaron Fox,NBA,Rebounds,3.5,under,0.5419,0.0019,2026-04-08T21:40:00.000-04:00,0.5419,0.0,miss,5.0
C0075A6D,2026-04-08T03:31:32,Power,6,0.0876,6,Devin Vassell,NBA,Points,15.5,under,0.5379,-0.0054,2026-04-08T21:40:00.000-04:00,0.5379,0.0,hit,14.0
47341211,2026-04-08T09:06:57,Power,6,0.2879,1,Myles Turner,NBA,Rebounds,3.5,over,0.6785,0.2546,2026-04-08T19:10:00.000-04:00,0.6785,0.0,dnp,
47341211,2026-04-08T09:06:57,Power,6,0.2879,2,Deni Avdija,NBA,Assists,6.5,over,0.5635,0.0419,2026-04-08T21:40:00.000-04:00,0.5635,0.0,miss,6.0
47341211,2026-04-08T09:06:57,Power,6,0.2879,3,Michael McGreevy,MLB,Hits Allowed,5.5,under,0.5411,0.0005,2026-04-08T16:05:00.000-04:00,0.5411,0.0,hit,4.0
47341211,2026-04-08T09:06:57,Power,6,0.2879,4,Harrison Barnes,NBA,Points,9.5,under,0.5379,-0.0054,2026-04-08T21:40:00.000-04:00,0.5379,0.0,hit,9.0
47341211,2026-04-08T09:06:57,Power,6,0.2879,5,Robert Williams,NBA,Points,6.5,under,0.5379,-0.0054,2026-04-08T21:40:00.000-04:00,0.5379,0.0,hit,4.0
47341211,2026-04-08T09:06:57,Power,6,0.2879,6,Cooper Flagg,NBA,Rebs+Asts,11.5,over,0.5379,-0.0054,2026-04-08T22:10:00.000-04:00,0.5379,0.0,hit,17.0
387112CA,2026-04-08T14:12:29,Power,6,0.3477,1,Taylor Hendricks,NBA,Pts+Rebs,14.5,over,0.5972,0.1042,2026-04-08T21:10:00.000-04:00,0.5972,0.0,hit,22.0
387112CA,2026-04-08T14:12:29,Power,6,0.3477,2,Dillon Brooks,NBA,Pts+Asts,19.5,over,0.5845,0.0808,2026-04-08T22:10:00.000-04:00,0.5845,0.0,hit,31.0
387112CA,2026-04-08T14:12:29,Power,6,0.3477,3,Walter Clayton,NBA,Pts+Rebs,14.5,over,0.5751,0.0634,2026-04-08T21:10:00.000-04:00,0.5751,0.0,hit,17.0
387112CA,2026-04-08T14:12:29,Power,6,0.3477,4,Jordan Goodwin,NBA,Rebounds,5.5,over,0.5567,0.0293,2026-04-08T22:10:00.000-04:00,0.5567,0.0,miss,3.0
387112CA,2026-04-08T14:12:29,Power,6,0.3477,5,Kris Dunn,NBA,Pts+Asts,9.5,over,0.5547,0.0256,2026-04-08T22:10:00.000-04:00,0.5547,0.0,miss,9.0
387112CA,2026-04-08T14:12:29,Power,6,0.3477,6,Daylen Lile,MLB,Singles,0.5,over,0.5435,0.005,2026-04-08T16:05:00.000-04:00,0.5435,0.0,hit,1.0
70DB03EF,2026-04-09T08:58:58,Power,6,0.3728,1,John Carlson,NHL,Assists,0.5,under,0.6768,0.2515,2026-04-09T22:08:00.000-04:00,0.6768,0.0,hit,0.0
70DB03EF,2026-04-09T08:58:58,Power,6,0.3728,2,Alperen Sengun,NBA,Steals,0.5,over,0.569,0.052,2026-04-09T20:10:00.000-04:00,0.569,0.0,hit,1.0
70DB03EF,2026-04-09T08:58:58,Power,6,0.3728,3,Tre Jones,NBA,Rebounds,3.5,over,0.5556,0.0272,2026-04-09T19:10:00.000-04:00,0.5556,0.0,hit,6.0
70DB03EF,2026-04-09T08:58:58,Power,6,0.3728,4,Kevin Durant,NBA,Steals,0.5,over,0.5499,0.0167,2026-04-09T20:10:00.000-04:00,0.5499,0.0,miss,0.0
70DB03EF,2026-04-09T08:58:58,Power,6,0.3728,5,Bam Adebayo,NBA,Rebounds,10.5,over,0.5419,0.0019,2026-04-09T19:10:00.000-04:00,0.5419,0.0,hit,11.0
70DB03EF,2026-04-09T08:58:58,Power,6,0.3728,6,Carter Jensen,MLB,Hits+Runs+RBIs,1.5,over,0.5383,-0.0047,2026-04-09T19:40:00.000-04:00,0.5383,0.0,miss,0.0
38D8A657,2026-04-09T10:10:15,Power,6,0.1035,1,Jake Cronenworth,MLB,Hits,0.5,over,0.593,0.0964,2026-04-09T21:40:00.000-04:00,0.593,0.0,hit,1.0
38D8A657,2026-04-09T10:10:15,Power,6,0.1035,2,Kevin McGonigle,MLB,Hits+Runs+RBIs,1.5,over,0.5488,0.0148,2026-04-09T13:40:00.000-04:00,0.5488,0.0,miss,0.0
38D8A657,2026-04-09T10:10:15,Power,6,0.1035,3,Kyle Karros,MLB,Hits,0.5,over,0.5471,0.0116,2026-04-09T21:40:00.000-04:00,0.5471,0.0,hit,1.0
38D8A657,2026-04-09T10:10:15,Power,6,0.1035,4,José Caballero,MLB,Hits,0.5,over,0.5383,-0.0047,2026-04-09T13:35:00.000-04:00,0.5383,0.0,miss,0.0
38D8A657,2026-04-09T10:10:15,Power,6,0.1035,5,P.J. Higgins,MLB,Hits,0.5,over,0.5365,-0.008,2026-04-09T12:10:00.000-04:00,0.5365,0.0,miss,0.0
38D8A657,2026-04-09T10:10:15,Power,6,0.1035,6,Mick Abel,MLB,Pitcher Strikeouts,4.5,over,0.5365,-0.008,2026-04-09T13:40:00.000-04:00,0.5365,0.0,hit,6.0
5D3D2A96,2026-04-09T21:44:05,Power,6,0.2121,1,Dominic Canzone,MLB,Hits,0.5,over,0.5789,0.0704,2026-04-10T21:40:00.000-04:00,0.5588,-0.0201,hit,1.0
5D3D2A96,2026-04-09T21:44:05,Power,6,0.2121,2,J.P. Crawford,MLB,Hits,0.5,over,0.5637,0.0422,2026-04-10T21:40:00.000-04:00,0.5505,-0.0132,hit,1.0
5D3D2A96,2026-04-09T21:44:05,Power,6,0.2121,3,Joc Pederson,MLB,Hits+Runs+RBIs,0.5,over,0.5605,0.0363,2026-04-10T22:10:00.000-04:00,0.5454,-0.0151,hit,2.0
5D3D2A96,2026-04-09T21:44:05,Power,6,0.2121,4,Josh Smith,MLB,Hits+Runs+RBIs,0.5,over,0.5588,0.0333,2026-04-10T22:10:00.000-04:00,0.5419,-0.0169,hit,2.0
5D3D2A96,2026-04-09T21:44:05,Power,6,0.2121,5,Kyle Tucker,MLB,Runs,0.5,over,0.5454,0.0084,2026-04-10T22:10:00.000-04:00,0.5175,-0.0279,miss,0.0
5D3D2A96,2026-04-09T21:44:05,Power,6,0.2121,6,Drake Baldwin,MLB,Singles,0.5,over,0.5436,0.0052,2026-04-10T19:15:00.000-04:00,0.5605,0.0169,hit,1.0
AF0792CE,2026-04-09T22:21:56,Power,6,0.1279,1,Jake LaRavia,NBA,Rebounds,5.5,over,0.6161,0.1391,2026-04-09T22:10:00.000-04:00,0.6161,-0.0,hit,7.0
AF0792CE,2026-04-09T22:21:56,Power,6,0.1279,2,Jake LaRavia,NBA,3-PT Made,1.5,under,0.5451,0.0079,2026-04-09T22:10:00.000-04:00,0.5348,-0.0103,miss,4.0
AF0792CE,2026-04-09T22:21:56,Power,6,0.1279,3,Danny Jansen,MLB,Hits,0.5,over,0.5401,-0.0014,2026-04-10T22:10:00.000-04:00,0.4967,-0.0434,hit,1.0
AF0792CE,2026-04-09T22:21:56,Power,6,0.1279,4,Steven Kwan,MLB,Hits+Runs+RBIs,1.5,over,0.5383,-0.0047,2026-04-10T19:15:00.000-04:00,0.5471,0.0088,hit,2.0
AF0792CE,2026-04-09T22:21:56,Power,6,0.1279,5,Evan Carter,MLB,Hits,0.5,over,0.5383,-0.0047,2026-04-10T22:10:00.000-04:00,0.5135,-0.0248,hit,1.0
AF0792CE,2026-04-09T22:21:56,Power,6,0.1279,6,Ronald Acuña Jr.,MLB,Singles,0.5,over,0.5365,-0.008,2026-04-10T19:15:00.000-04:00,0.5328,-0.0037,hit,1.0
6F6A8B6C,2026-04-10T00:00:05,Power,6,0.1717,1,Grant Williams,NBA,Rebounds,3.5,under,0.5781,0.0688,2026-04-10T19:10:00.000-04:00,0.5781,-0.0,miss,4.0
6F6A8B6C,2026-04-10T00:00:05,Power,6,0.1717,2,Joc Pederson,MLB,Hits+Runs+RBIs,0.5,over,0.5605,0.0363,2026-04-10T22:10:00.000-04:00,0.5454,-0.0151,hit,2.0
6F6A8B6C,2026-04-10T00:00:05,Power,6,0.1717,3,Josh Smith,MLB,Hits+Runs+RBIs,0.5,over,0.5539,0.0242,2026-04-10T22:10:00.000-04:00,0.5419,-0.012,hit,2.0
6F6A8B6C,2026-04-10T00:00:05,Power,6,0.1717,4,J.P. Crawford,MLB,Hits,0.5,over,0.5505,0.0179,2026-04-10T21:40:00.000-04:00,0.5505,0.0,hit,1.0
6F6A8B6C,2026-04-10T00:00:05,Power,6,0.1717,5,Kyle Tucker,MLB,Runs,0.5,over,0.5454,0.0084,2026-04-10T22:10:00.000-04:00,0.5175,-0.0279,miss,0.0
6F6A8B6C,2026-04-10T00:00:05,Power,6,0.1717,6,Drake Baldwin,MLB,Singles,0.5,over,0.5436,0.0052,2026-04-10T19:15:00.000-04:00,0.5605,0.0169,hit,1.0
5000F3D2,2026-04-10T01:46:11,Power,6,0.0824,1,Matt Shaw,MLB,Hits,0.5,over,0.5668,0.048,2026-04-10T14:20:00.000-04:00,0.5556,-0.0112,miss,0.0
5000F3D2,2026-04-10T01:46:11,Power,6,0.0824,2,Francisco Alvarez,MLB,Hits,0.5,over,0.5556,0.0272,2026-04-10T19:10:00.000-04:00,0.0389,-0.5167,hit,1.0
5000F3D2,2026-04-10T01:46:11,Power,6,0.0824,3,Colt Keith,MLB,Hits+Runs+RBIs,1.5,over,0.5436,0.0052,2026-04-10T18:40:00.000-04:00,0.4989,-0.0447,hit,2.0
5000F3D2,2026-04-10T01:46:11,Power,6,0.0824,4,Nick Yorke,MLB,Hits,0.5,over,0.5419,0.0019,2026-04-10T14:20:00.000-04:00,0.5652,0.0233,miss,0.0
5000F3D2,2026-04-10T01:46:11,Power,6,0.0824,5,Kevin McGonigle,MLB,Hits+Runs+RBIs,1.5,over,0.5419,0.0019,2026-04-10T18:40:00.000-04:00,0.5272,-0.0147,miss,1.0
5000F3D2,2026-04-10T01:46:11,Power,6,0.0824,6,Cade Cunningham,NBA,Rebounds,3.5,over,0.5383,-0.0047,2026-04-10T19:10:00.000-04:00,0.5588,0.0205,miss,2.0
A9443B13,2026-04-10T13:33:42,Power,6,0.0883,1,Tyler Glasnow,MLB,Pitching Outs,17.5,over,0.5574,0.0306,2026-04-10T22:10:00.000-04:00,0.5574,-0.0,hit,18.0
A9443B13,2026-04-10T13:33:42,Power,6,0.0883,2,Jakob Marsee,MLB,Hits+Runs+RBIs,1.5,over,0.5539,0.0242,2026-04-10T18:40:00.000-04:00,0.5522,-0.0017,miss,0.0
A9443B13,2026-04-10T13:33:42,Power,6,0.0883,3,Austin Martin,MLB,Singles,0.5,over,0.5539,0.0242,2026-04-10T19:07:00.000-04:00,0.5539,-0.0,hit,1.0
A9443B13,2026-04-10T13:33:42,Power,6,0.0883,4,TJ Friedl,MLB,Singles,0.5,over,0.5454,0.0084,2026-04-10T18:45:00.000-04:00,0.5291,-0.0163,miss,0.0
A9443B13,2026-04-10T13:33:42,Power,6,0.0883,5,Francisco Lindor,MLB,Hits+Runs+RBIs,1.5,over,0.5401,-0.0014,2026-04-10T19:10:00.000-04:00,0.531,-0.0091,miss,1.0
A9443B13,2026-04-10T13:33:42,Power,6,0.0883,6,Alec Burleson,MLB,Singles,0.5,over,0.5401,-0.0014,2026-04-10T20:15:00.000-04:00,0.5401,-0.0,miss,0.0
D682608C,2026-04-10T17:06:11,Power,6,0.1089,1,Masataka Yoshida,MLB,Hits+Runs+RBIs,1.5,over,0.5588,0.0333,2026-04-10T20:15:00.000-04:00,0.5588,0.0,hit,2.0
D682608C,2026-04-10T17:06:11,Power,6,0.1089,2,Liam Hicks,MLB,Singles,0.5,over,0.5539,0.0242,2026-04-10T18:40:00.000-04:00,0.5539,-0.0,hit,1.0
D682608C,2026-04-10T17:06:11,Power,6,0.1089,3,Xavier Edwards,MLB,Hits+Runs+RBIs,1.5,over,0.5522,0.0211,2026-04-10T18:40:00.000-04:00,0.5637,0.0115,miss,1.0
D682608C,2026-04-10T17:06:11,Power,6,0.1089,4,Pedro Pagés,MLB,Hits,0.5,over,0.5488,0.0148,2026-04-10T20:15:00.000-04:00,0.5419,-0.0069,hit,1.0
D682608C,2026-04-10T17:06:11,Power,6,0.1089,5,Ketel Marte,MLB,Hits+Runs+RBIs,1.5,over,0.5454,0.0084,2026-04-10T18:40:00.000-04:00,0.5454,-0.0,hit,4.0
D682608C,2026-04-10T17:06:11,Power,6,0.1089,6,Josh Bell,MLB,Hits+Runs+RBIs,1.5,over,0.5419,0.0019,2026-04-10T19:07:00.000-04:00,0.5272,-0.0147,miss,0.0
8A0A48D8,2026-04-11T00:28:38,Power,6,0.2859,1,Joc Pederson,MLB,Hits+Runs+RBIs,0.5,over,0.6061,0.1206,2026-04-11T21:10:00.000-04:00,0.6009,-0.0052,pending,
8A0A48D8,2026-04-11T00:28:38,Power,6,0.2859,2,Justin Crawford,MLB,Hits+Runs+RBIs,1.5,under,0.5801,0.0725,2026-04-11T13:05:00.000-04:00,0.5592,-0.0209,miss,3.0
8A0A48D8,2026-04-11T00:28:38,Power,6,0.2859,3,Evan Carter,MLB,Hits,0.5,over,0.5556,0.0272,2026-04-11T21:10:00.000-04:00,0.5556,-0.0,pending,
8A0A48D8,2026-04-11T00:28:38,Power,6,0.2859,4,Kyle Schwarber,MLB,Total Bases,1.5,under,0.548,0.0133,2026-04-11T13:05:00.000-04:00,0.5362,-0.0118,miss,4.0
8A0A48D8,2026-04-11T00:28:38,Power,6,0.2859,5,Bryce Harper,MLB,Runs,0.5,under,0.548,0.0133,2026-04-11T13:05:00.000-04:00,0.548,0.0,miss,1.0
8A0A48D8,2026-04-11T00:28:38,Power,6,0.2859,6,Junior Caminero,MLB,Hits+Runs+RBIs,1.5,under,0.548,0.0133,2026-04-11T18:10:00.000-04:00,0.5011,-0.0469,miss,2.0
ED3182B5,2026-04-11T00:30:38,Power,6,0.3608,1,Carlos Cortes,MLB,Hits+Runs+RBIs,0.5,over,0.624,0.1537,2026-04-11T16:10:00.000-04:00,0.6295,0.0055,hit,5.0
ED3182B5,2026-04-11T00:30:38,Power,6,0.3608,2,Denzel Clarke,MLB,Hits+Runs+RBIs,0.5,over,0.6182,0.1431,2026-04-11T16:10:00.000-04:00,0.5996,-0.0186,hit,3.0
ED3182B5,2026-04-11T00:30:38,Power,6,0.3608,3,Alex Freeland,MLB,Hits,0.5,over,0.5471,0.0116,2026-04-11T21:10:00.000-04:00,0.5094,-0.0377,pending,
ED3182B5,2026-04-11T00:30:38,Power,6,0.3608,4,Jose Fernandez,MLB,Singles,0.5,under,0.5457,0.009,2026-04-11T13:05:00.000-04:00,0.5011,-0.0446,miss,1.0
ED3182B5,2026-04-11T00:30:38,Power,6,0.3608,5,Francisco Alvarez,MLB,Hits,0.5,over,0.5436,0.0052,2026-04-11T16:10:00.000-04:00,0.5556,0.012,hit,2.0
ED3182B5,2026-04-11T00:30:38,Power,6,0.3608,6,Riley Greene,MLB,Singles,0.5,under,0.5434,0.0047,2026-04-11T13:10:00.000-04:00,0.5122,-0.0312,miss,1.0
536FE133,2026-04-11T00:42:14,Power,6,0.1061,1,Jonah Heim,MLB,Hits,0.5,over,0.5714,0.0566,2026-04-11T19:15:00.000-04:00,0.5714,0.0,pending,
536FE133,2026-04-11T00:42:14,Power,6,0.1061,2,José Ramírez,MLB,Runs,0.5,under,0.5657,0.046,2026-04-11T19:15:00.000-04:00,0.4805,-0.0852,pending,
536FE133,2026-04-11T00:42:14,Power,6,0.1061,3,José Caballero,MLB,Hits,0.5,over,0.5454,0.0084,2026-04-11T18:10:00.000-04:00,0.5454,-0.0,hit,2.0
536FE133,2026-04-11T00:42:14,Power,6,0.1061,4,Jarren Duran,MLB,Runs,0.5,under,0.541,0.0003,2026-04-11T19:15:00.000-04:00,0.5011,-0.0399,pending,
536FE133,2026-04-11T00:42:14,Power,6,0.1061,5,Aaron Judge,MLB,Hits+Runs+RBIs,2.5,under,0.5386,-0.0041,2026-04-11T18:10:00.000-04:00,0.5386,0.0,hit,0.0
536FE133,2026-04-11T00:42:14,Power,6,0.1061,6,Brett Baty,MLB,Hits,0.5,over,0.5383,-0.0047,2026-04-11T16:10:00.000-04:00,0.5488,0.0105,miss,0.0
CF231454,2026-04-11T01:22:26,Power,6,0.0826,1,Tristan Gray,MLB,Hits,0.5,over,0.5605,0.0363,2026-04-11T15:07:00.000-04:00,0.5759,0.0154,miss,0.0
CF231454,2026-04-11T01:22:26,Power,6,0.0826,2,Tristan Peters,MLB,Hits,0.5,over,0.5556,0.0272,2026-04-11T16:10:00.000-04:00,0.5556,-0.0,miss,0.0
CF231454,2026-04-11T01:22:26,Power,6,0.0826,3,Matt Wallner,MLB,Hits,0.5,over,0.5505,0.0179,2026-04-11T15:07:00.000-04:00,0.5505,0.0,miss,0.0
CF231454,2026-04-11T01:22:26,Power,6,0.0826,4,Roman Anthony,MLB,Singles,0.5,over,0.5488,0.0148,2026-04-11T19:15:00.000-04:00,0.5488,0.0,pending,
CF231454,2026-04-11T01:22:26,Power,6,0.0826,5,Drew Millas,MLB,Hits,0.5,over,0.5365,-0.008,2026-04-11T19:10:00.000-04:00,0.5291,-0.0074,pending,
CF231454,2026-04-11T01:22:26,Power,6,0.0826,6,Daylen Lile,MLB,Hits+Runs+RBIs,1.5,under,0.5362,-0.0085,2026-04-11T19:10:00.000-04:00,0.5072,-0.029,pending,
47A4181B,2026-04-11T11:37:57,Power,6,0.0891,1,Bo Bichette,MLB,Singles,0.5,over,0.5556,0.0272,2026-04-11T16:10:00.000-04:00,0.5637,0.0081,hit,1.0
47A4181B,2026-04-11T11:37:57,Power,6,0.0891,2,Steven Kwan,MLB,Hits+Runs+RBIs,1.5,over,0.5505,0.0179,2026-04-11T19:15:00.000-04:00,0.5505,0.0,pending,
47A4181B,2026-04-11T11:37:57,Power,6,0.0891,3,Brice Turang,MLB,Hits+Runs+RBIs,1.5,over,0.5471,0.0116,2026-04-11T19:10:00.000-04:00,0.5471,0.0,pending,
47A4181B,2026-04-11T11:37:57,Power,6,0.0891,4,Kyle Tucker,MLB,Hits+Runs+RBIs,1.5,over,0.5471,0.0116,2026-04-11T21:10:00.000-04:00,0.5556,0.0085,pending,
47A4181B,2026-04-11T11:37:57,Power,6,0.0891,5,Teoscar Hernández,MLB,Hits+Runs+RBIs,1.5,over,0.5471,0.0116,2026-04-11T21:10:00.000-04:00,0.4922,-0.0549,pending,
47A4181B,2026-04-11T11:37:57,Power,6,0.0891,6,Joey Loperfido,MLB,Hits,0.5,over,0.5436,0.0052,2026-04-11T21:40:00.000-04:00,0.5291,-0.0145,pending,
907D2673,2026-04-11T15:51:08,Power,6,0.1068,1,CJ McCollum,NBA,3-PT Made,2.5,over,0.5887,0.0885,2026-04-12T18:10:00.000-04:00,0.483,-0.1057,pending,
907D2673,2026-04-11T15:51:08,Power,6,0.1068,2,Mike Trout,MLB,Hits+Runs+RBIs,1.5,over,0.5471,0.0116,2026-04-11T16:10:00.000-04:00,0.5471,0.0,hit,3.0
907D2673,2026-04-11T15:51:08,Power,6,0.1068,3,Willson Contreras,MLB,Hits+Runs+RBIs,1.5,over,0.5471,0.0116,2026-04-11T19:15:00.000-04:00,0.5454,-0.0017,pending,
907D2673,2026-04-11T15:51:08,Power,6,0.1068,4,Carter Jensen,MLB,Hits+Runs+RBIs,1.5,over,0.5419,0.0019,2026-04-11T16:10:00.000-04:00,0.5419,-0.0,miss,0.0
907D2673,2026-04-11T15:51:08,Power,6,0.1068,5,Gunnar Henderson,MLB,Hits+Runs+RBIs,1.5,over,0.5383,-0.0047,2026-04-11T19:15:00.000-04:00,0.5789,0.0406,pending,
907D2673,2026-04-11T15:51:08,Power,6,0.1068,6,Drake Baldwin,MLB,Singles,0.5,over,0.5383,-0.0047,2026-04-11T19:15:00.000-04:00,0.5401,0.0018,pending,
98DC416B,2026-04-11T20:05:40,Power,6,0.1113,1,Tyler Herro,NBA,Pts+Asts,24.5,over,0.569,0.052,2026-04-12T18:10:00.000-04:00,0.569,0.0,pending,
98DC416B,2026-04-11T20:05:40,Power,6,0.1113,2,Matt Coronato,NHL,Points,0.5,under,0.5592,0.034,2026-04-11T19:08:00.000-04:00,0.5592,0.0,miss,1.0
98DC416B,2026-04-11T20:05:40,Power,6,0.1113,3,Colton Cowser,MLB,Hits,0.5,over,0.5471,0.0116,2026-04-11T19:15:00.000-04:00,0.5471,0.0,pending,
98DC416B,2026-04-11T20:05:40,Power,6,0.1113,4,Austin Hedges,MLB,Hits,0.5,over,0.5471,0.0116,2026-04-11T19:15:00.000-04:00,0.5471,0.0,pending,
98DC416B,2026-04-11T20:05:40,Power,6,0.1113,5,Morgan Frost,NHL,Points,0.5,under,0.5419,0.0019,2026-04-11T19:08:00.000-04:00,0.5419,0.0,hit,0.0
98DC416B,2026-04-11T20:05:40,Power,6,0.1113,6,Cedric Mullins,MLB,Hits,0.5,over,0.5383,-0.0047,2026-04-11T18:10:00.000-04:00,0.5383,0.0,miss,0.0
5B5BEDFE,2026-04-11T20:47:46,Power,6,0.1379,1,Kawhi Leonard,NBA,Assists,3.5,over,0.6098,0.1275,2026-04-12T20:40:00.000-04:00,0.6098,-0.0,pending,
5B5BEDFE,2026-04-11T20:47:46,Power,6,0.1379,2,Nathaniel Atkinson,SOCCER,Shots,0.5,over,0.5524,0.0214,2026-04-12T01:00:00.000-04:00,0.546,-0.0064,pending,
5B5BEDFE,2026-04-11T20:47:46,Power,6,0.1379,3,Paul George,NBA,Pts+Rebs,24.5,over,0.5406,-0.0003,2026-04-12T18:10:00.000-04:00,0.528,-0.0126,pending,
5B5BEDFE,2026-04-11T20:47:46,Power,6,0.1379,4,Luis Castillo,MLB,Pitching Outs,17.5,over,0.5391,-0.0031,2026-04-11T21:40:00.000-04:00,0.5182,-0.0209,pending,
5B5BEDFE,2026-04-11T20:47:46,Power,6,0.1379,5,Cole Young,MLB,Hits,0.5,over,0.5383,-0.0047,2026-04-11T21:40:00.000-04:00,0.5291,-0.0092,pending,
5B5BEDFE,2026-04-11T20:47:46,Power,6,0.1379,6,Bam Adebayo,NBA,Assists,3.5,over,0.5383,-0.0047,2026-04-12T18:10:00.000-04:00,0.5347,-0.0036,pending,
